CpG	1	2
7796806090_R04C01	0.8920526504516602	3.1286168098449707
6285633051_R04C01	2.3488454818725586	1.7518377304077148
9993943017_R04C02	3.2648162841796875	0.0
7796806090_R03C01	0.04924130439758301	2.999863624572754
3999997079_R01C02	3.1414194107055664	0.0
7796806055_R02C01	0.6253008842468262	3.621335506439209
7796806109_R05C01	3.4202375411987305	1.4638481140136719
7796806090_R05C01	2.5650715827941895	0.0
9283265058_R05C02	0.0	0.0
9422491072_R06C02	0.0	2.637165069580078
6005486021_R06C01	0.0	3.946384906768799
9422491072_R06C01	4.814656734466553	0.0
9283265077_R01C02	0.0	3.679560661315918
6057833101_R04C01	2.775386333465576	1.3265666961669922
9305216146_R06C01	0.0	3.7972412109375
9305216132_R02C02	2.770169734954834	0.8884618282318115
9993943017_R01C01	1.3859167098999023	0.0
9305216132_R04C02	0.6900725364685059	0.0
9422492113_R03C01	0.0	0.24991869926452637
8784241071_R01C01	0.0	3.176182270050049
9422491072_R02C02	0.0	3.469723701477051
6004791020_R01C01	4.040558338165283	0.0
9283265014_R01C01	2.354370594024658	0.0
9630789227_R01C02	0.0	0.0
9993943017_R04C01	0.0	2.95538330078125
8784241071_R02C01	1.2140073776245117	2.4731554985046387
9426020160_R04C01	2.46221923828125	2.1098318099975586
8784241071_R02C02	1.6277213096618652	2.398375988006592
8784241036_R04C02	2.224362373352051	1.8571290969848633
9283265014_R04C02	1.9115428924560547	0.0
9993943013_R02C02	2.976161003112793	0.0
9630789239_R02C01	1.3464879989624023	0.0
9993943013_R03C02	4.284013748168945	0.0
8784241046_R05C01	4.17588472366333	0.0
8784241071_R03C01	2.3897266387939453	0.9603912830352783
9283265077_R05C01	3.8289542198181152	0.0
9283265058_R06C02	2.7874932289123535	0.0
9305216146_R05C02	0.0	1.906545639038086
9283265077_R02C01	0.0	3.5297656059265137
9305216132_R03C02	0.488217830657959	3.6022510528564453
6042324072_R02C01	0.0	4.068223476409912
9283265077_R04C02	0.0	1.6620984077453613
9305216147_R02C01	0.10146760940551758	2.2126646041870117
9422491072_R01C02	0.6399707794189453	0.0
7796806088_R01C02	0.24258899688720703	0.0
9283265077_R06C01	3.662385940551758	1.2827181816101074
7796806088_R05C02	1.6962389945983887	1.5740900039672852
9422491072_R03C01	0.0	2.5541396141052246
7796806088_R06C02	0.0	3.0950398445129395
7796806088_R06C01	0.0	3.2137346267700195
9283265014_R03C01	0.37137389183044434	1.8592748641967773
9422491074_R02C01	0.0	2.5355677604675293
9426020160_R05C01	0.14630627632141113	0.0
8784241046_R06C01	0.0	2.5036253929138184
8784241036_R03C02	0.0	2.203719139099121
9305216146_R04C01	0.0	3.4287495613098145
8784241046_R02C01	0.000400543212890625	2.6829800605773926
8784241046_R06C02	0.0	0.0
8784241059_R05C02	2.7086658477783203	0.0
9630789239_R01C01	0.0	2.5088605880737305
9305216132_R05C01	1.884666919708252	1.3940014839172363
9422492089_R01C02	2.4871139526367188	0.0
9993943013_R05C02	0.0	2.970628261566162
9993943017_R02C02	1.3603806495666504	0.0
9422491074_R05C01	3.413193702697754	0.0
9283265077_R03C02	0.0	2.066549301147461
9422491072_R02C01	0.0	3.194033622741699
9993943017_R02C01	1.261545181274414	0.0
9283265014_R05C02	0.0	2.335461139678955
7796806055_R05C01	3.5767698287963867	0.0
9993943005_R01C01	2.662957191467285	0.2325754165649414
6042324070_R03C01	0.4810147285461426	1.7187771797180176
7796806103_R03C02	1.7651972770690918	0.0
7796806109_R06C01	0.24100542068481445	1.4280357360839844
9630789227_R04C02	4.071492671966553	0.6697132587432861
3999997079_R05C01	1.4313364028930664	0.302260160446167
9283265077_R02C02	2.848133087158203	0.0
9283265077_R01C01	0.0	1.4882817268371582
8784241059_R01C02	2.6852474212646484	0.0
8784241059_R06C02	2.5642151832580566	0.0
8784241036_R02C02	3.6421823501586914	0.0
9422491074_R04C01	0.6741704940795898	2.1617136001586914
9283265014_R02C02	0.0	0.0
7796806109_R04C01	0.0	3.895374298095703
9422492113_R06C01	0.9201149940490723	2.4804611206054688
9305216146_R01C02	1.4020137786865234	0.0
8784241046_R03C01	4.158731937408447	0.0
7796806109_R02C01	2.339597702026367	0.0
9993943013_R04C02	0.5561327934265137	0.0
9422492089_R03C02	4.261521339416504	0.0
9305216132_R06C01	3.593501091003418	0.0
8784241036_R05C02	0.0	2.2729268074035645
7796806055_R04C01	4.135664463043213	0.0
8784241046_R01C02	0.23178386688232422	3.2406930923461914
3999997079_R02C01	1.9527301788330078	2.9742655754089355
7796806032_R03C02	0.0	1.8695530891418457
9283265014_R03C02	1.8308792114257812	0.0
7796806088_R04C02	2.153604507446289	2.5274524688720703
9422491072_R03C02	2.8310728073120117	0.0
7796806055_R01C01	0.0	2.627678394317627
9422491074_R01C01	0.0	1.8659133911132812
9426020160_R01C02	0.0	0.7259500026702881
7796806090_R02C01	0.0	3.2275795936584473
9305216132_R06C02	0.0	3.067875862121582
9993943013_R01C02	0.0	0.0
9993943017_R06C02	0.0	3.091247081756592
9993943017_R03C02	1.3725900650024414	1.2783184051513672
7796806090_R06C01	0.0	3.1284942626953125
8784241036_R05C01	0.4967842102050781	1.2251520156860352
9993943005_R02C02	0.26548123359680176	0.0
9993943013_R01C01	0.0	3.1952357292175293
3999997079_R03C01	0.3787970542907715	1.1089377403259277
9305216146_R02C02	0.060350656509399414	3.5349345207214355
9283265077_R06C02	3.0149917602539062	0.0
9426020160_R04C02	1.073918342590332	0.0
9993943017_R03C01	0.0	2.4053940773010254
8784241036_R06C01	0.8814182281494141	1.9426217079162598
8784241036_R03C01	2.560823440551758	1.1540780067443848
9283265014_R04C01	2.8014330863952637	0.3112046718597412
9422491072_R04C02	1.7896265983581543	1.7500133514404297
7796806032_R05C02	2.5212836265563965	1.6717519760131836
7796806088_R03C02	0.0	1.7475380897521973
7796806090_R01C02	2.7109241485595703	0.0
9426020160_R05C02	3.3251399993896484	0.0
7796806103_R05C02	0.9463949203491211	2.421104907989502
9426020160_R02C01	2.197608470916748	1.8999290466308594
9305216146_R02C01	2.9225807189941406	1.2642626762390137
8784241071_R03C02	0.7618460655212402	0.6823287010192871
7796806103_R01C02	2.9871859550476074	1.1078758239746094
8784241046_R04C01	2.2867374420166016	1.1935362815856934
9305216146_R04C02	2.613704204559326	0.0
9283265058_R04C02	1.4249181747436523	0.0
9305216146_R06C02	3.131946086883545	0.0
9630789227_R06C02	0.28786802291870117	1.7569169998168945
7796806103_R05C01	4.3932976722717285	0.0
6285633051_R03C01	3.442650318145752	0.0
7796806032_R04C02	3.0633597373962402	1.3910026550292969
9283265077_R04C01	3.7672529220581055	0.0
7796806103_R06C01	1.6340093612670898	0.0
6285633051_R05C01	2.6519598960876465	0.0
9426020160_R06C01	0.38835954666137695	2.0207128524780273
3999997079_R06C01	3.3895721435546875	0.0
6042324005_R02C02	0.0	3.1141395568847656
9422492113_R05C01	1.9780821800231934	0.0
9630789227_R03C02	0.5295495986938477	0.0
9993943017_R01C02	1.4905409812927246	1.9951791763305664
6005486014_R02C02	0.13437819480895996	0.0
6026818132_R05C02	0.0	1.9751381874084473
7796806103_R01C01	0.0	2.8966307640075684
6057833134_R04C01	1.4032869338989258	0.0
7796806032_R06C02	0.0	2.714723587036133
9283265014_R05C01	2.779207229614258	0.0
9283265014_R06C01	2.056509494781494	0.0
3999997079_R04C01	0.0	0.0
6285633051_R04C02	3.218778610229492	1.6222739219665527
7796806032_R02C02	2.8109917640686035	1.3850641250610352
8784241071_R04C02	3.1398086547851562	2.294992446899414
6285633051_R06C02	2.7111148834228516	1.1435492038726807
9630789227_R05C01	2.0833678245544434	1.8083305358886719
9630789227_R06C01	1.8845434188842773	2.4472427368164062
9993943013_R02C01	3.4150753021240234	0.0
8784241059_R02C02	2.966488838195801	0.0
7796806109_R01C01	1.6487112045288086	1.2277402877807617
9993943005_R04C02	1.661555290222168	0.0
6005486013_R01C01	2.1124825477600098	0.0
9426020160_R01C01	0.8791942596435547	1.9858083724975586
8784241036_R06C02	2.4712867736816406	0.0
7796806103_R02C01	3.5543179512023926	0.0
9993943017_R06C01	2.0308313369750977	1.6449675559997559
8784241046_R01C01	1.6288871765136719	0.0
8784241046_R03C02	0.0	0.0
8784241036_R04C01	1.9230051040649414	0.0
6285633051_R01C01	0.10933780670166016	0.0
7796806103_R06C02	2.181138038635254	1.3372712135314941
9630789227_R05C02	0.10351896286010742	3.0348339080810547
9426020160_R03C02	1.6922497749328613	0.0
9305216146_R05C01	0.0	3.0319528579711914
9630789227_R02C02	0.0	3.2034993171691895
9305216132_R05C02	1.030588150024414	0.0
3999997079_R03C02	0.0	2.866750717163086
6285633051_R02C02	0.0	2.463430404663086
9422492089_R06C02	1.807018756866455	0.0
9305216146_R01C01	3.1116294860839844	0.8045268058776855
9426020160_R03C01	0.0	1.635340690612793
6057833057_R03C02	1.2718892097473145	3.1153364181518555
6285633051_R06C01	0.0	1.3378205299377441
9993943013_R06C01	0.911552906036377	0.0
9283265014_R02C01	2.6738247871398926	0.0
8784241046_R05C02	2.3397984504699707	1.9315547943115234
9283265077_R05C02	3.711604595184326	0.7907142639160156
9422492113_R04C01	2.432140827178955	1.0864980220794678
8784241046_R02C02	1.756209373474121	1.4946351051330566
8784241071_R01C02	1.4588890075683594	1.0707545280456543
7796806103_R04C02	2.78302001953125	2.3814806938171387
8784241059_R04C02	2.826723098754883	0.5110082626342773
7796806090_R03C02	2.665513038635254	0.0
9283265014_R01C02	2.381530284881592	0.7511253356933594
8784241036_R01C02	1.0778789520263672	1.9382219314575195
9305216146_R03C02	1.8684191703796387	0.0
9993943005_R02C01	1.3621420860290527	0.0
8784241071_R06C01	1.9103779792785645	0.0
7796806090_R02C02	2.387409210205078	2.264313220977783
6285633051_R01C02	1.25117826461792	0.0
9422491072_R01C01	2.1917672157287598	0.9482908248901367
8784241071_R05C01	2.407700538635254	0.0
3999997079_R01C01	3.306124687194824	0.0
9422492113_R02C01	1.5067553520202637	2.395768642425537
9993943017_R05C01	0.0	0.0
9993943013_R04C01	3.5510239601135254	0.0
6005486017_R05C02	2.164463996887207	2.040750026702881
6042324070_R06C01	4.474471569061279	0.0
6026818102_R05C01	1.8138313293457031	1.2034857273101807
6005486012_R06C01	3.080723285675049	1.5427188873291016
6042324030_R05C01	3.9304375648498535	1.0450422763824463
6057833141_R02C02	4.146214962005615	0.0
6929718043_R01C01	1.0011787414550781	0.0
6057833142_R05C01	0.7473225593566895	2.772686004638672
6042324035_R03C01	4.316937446594238	0.0
6929718043_R03C02	1.0397400856018066	2.965404510498047
6042324071_R04C01	3.323793411254883	0.0
6929718030_R04C01	3.4483895301818848	1.5404858589172363
6026818139_R01C01	3.575674533843994	0.0
6005486012_R03C01	2.3334298133850098	1.6925740242004395
6057833159_R06C01	0.27617931365966797	0.0
6042316141_R04C01	3.3841934204101562	0.0
6005486019_R04C02	1.4364700317382812	0.0
6042324030_R04C02	1.3506269454956055	3.2050952911376953
6929718043_R02C02	2.8705039024353027	0.0
6026818055_R02C02	2.294740676879883	1.4236531257629395
6042324037_R01C01	2.7440152168273926	0.0
6005486019_R02C02	3.9244933128356934	0.0
6042324071_R02C02	2.3829188346862793	1.7904906272888184
6026818135_R03C02	5.34176778793335	0.0
6026818122_R03C02	2.924508571624756	1.2182700634002686
6929718030_R01C01	2.324690818786621	0.0
6042324035_R02C02	3.128535270690918	1.152132511138916
6026818132_R06C01	3.4161458015441895	0.0
6004791006_R02C01	2.2528367042541504	0.833676815032959
6005486014_R03C01	0.8352346420288086	0.0
7786923105_R06C02	2.146991729736328	1.901353359222412
6042324011_R03C01	3.7378368377685547	0.0
6026818122_R01C01	2.7925357818603516	1.2136249542236328
6026818132_R01C02	3.308405876159668	1.1993467807769775
6005486021_R02C01	2.1495041847229004	0.0
6026818139_R04C01	3.0035667419433594	0.8645341396331787
6042316072_R02C02	3.139780044555664	0.0
6042316072_R01C02	3.7195963859558105	0.2174232006072998
6057833155_R03C01	2.8869528770446777	0.0
6057833101_R01C01	1.4578847885131836	0.0
6004791010_R05C01	3.6911978721618652	0.0
6042316141_R02C01	3.2939987182617188	0.0
7796806125_R03C02	2.7966809272766113	0.0
6042324070_R05C01	3.1775827407836914	0.0
6042316072_R01C01	3.401735305786133	0.3996548652648926
6229009066_R03C02	4.612982273101807	0.0
6057833101_R04C02	2.052896022796631	0.0
6229009059_R06C02	3.556941032409668	1.1081185340881348
6026818132_R06C02	3.1000890731811523	0.6557531356811523
6005486019_R01C02	3.982731819152832	0.0
6004791010_R05C02	4.48981237411499	0.0
6005486014_R04C02	3.513519287109375	0.0
6026818128_R05C01	4.075982570648193	0.0
6285633072_R01C02	3.0624871253967285	1.037602424621582
6042316157_R02C02	1.9924392700195312	0.0
6229009060_R01C01	3.1691532135009766	0.9964962005615234
6026818145_R02C01	4.304094314575195	0.0
6005486017_R06C02	3.265855312347412	0.0
6929718030_R02C02	3.852189064025879	0.0
6042324035_R04C01	2.54182767868042	1.420264720916748
6005486021_R05C02	4.2023701667785645	0.0
6042324048_R05C02	3.0615105628967285	1.274345874786377
6005486012_R05C02	4.365425109863281	0.0
6004791010_R01C01	3.151121139526367	0.7877557277679443
6004791004_R06C01	2.609710216522217	1.1594188213348389
6026818129_R06C02	3.7652769088745117	0.0
6026818144_R04C01	3.786181926727295	0.0
6042324048_R03C01	1.258347511291504	0.0
6005486005_R04C01	3.796419620513916	0.0
6042324072_R03C02	3.1393847465515137	1.150787591934204
6005486017_R02C01	0.8793907165527344	0.0
6026818122_R06C02	3.3446593284606934	0.0
6057833141_R03C02	1.6946592330932617	0.0
6005486019_R02C01	0.0	0.11580157279968262
6004791010_R06C01	2.463562488555908	1.53364896774292
6042324030_R04C01	4.191773891448975	0.0
6026818102_R01C01	1.7578911781311035	0.0
6005486014_R05C02	1.1519479751586914	0.0
6026818122_R03C01	3.2539925575256348	0.0
6042324070_R05C02	0.40252113342285156	0.0
6929718036_R03C02	2.7809982299804688	0.0
6929718030_R06C01	4.504034519195557	0.0
6929718030_R03C01	1.804781436920166	1.8889451026916504
6229009060_R06C01	0.8594083786010742	0.0
6229009060_R03C02	1.1218957901000977	0.0
6026818135_R02C01	4.807132244110107	0.0
6026818111_R02C02	0.0	0.0
6057833159_R05C01	0.6061768531799316	2.2035298347473145
6005486017_R01C01	0.0	0.0
6042316130_R01C02	1.9933996200561523	1.4424681663513184
6026818128_R04C02	4.472681522369385	0.0
6005486021_R04C01	4.280844688415527	0.0
6057833057_R04C02	2.994222640991211	0.7022538185119629
6057833101_R06C01	2.4220027923583984	0.0
6005486013_R02C01	3.697317123413086	0.0
6005486013_R04C01	4.098201274871826	0.0
6005486014_R01C01	0.0	3.9725074768066406
6004791020_R05C01	3.93253231048584	1.1816308498382568
6005486021_R01C02	0.10767269134521484	0.0
6042324006_R01C01	3.4889025688171387	0.0
6005486023_R04C01	3.5545501708984375	1.116593599319458
6005486021_R01C01	1.5675806999206543	0.18708539009094238
6057833141_R06C01	3.2720398902893066	1.2356619834899902
6005486023_R04C02	1.4369635581970215	0.0
6026818122_R05C01	2.5777387619018555	1.4238228797912598
6057833159_R01C01	2.198512077331543	0.0
6042316141_R03C02	0.0	0.0
6005486029_R04C01	1.879976749420166	2.0408449172973633
6026818144_R05C01	5.018425464630127	0.0
6005486012_R06C02	1.3703722953796387	0.0
6026818135_R01C01	0.8983397483825684	1.4727082252502441
6929718043_R06C02	2.60538387298584	1.93186616897583
6042324072_R06C01	0.3688340187072754	3.3410868644714355
6005486017_R04C01	3.0380077362060547	0.0
6026818108_R05C01	2.1569623947143555	0.0
6285633072_R04C01	2.787593364715576	0.0
6929718043_R06C01	2.093473434448242	0.0
6057833166_R04C01	0.7251896858215332	0.0
6004791020_R03C01	2.580015182495117	0.48182058334350586
6929718036_R01C02	0.0	3.546938896179199
6057833159_R03C02	1.1789617538452148	2.365914821624756
6929718043_R04C01	2.9518537521362305	0.8376932144165039
6004791006_R05C02	2.114983558654785	1.841841697692871
6229009066_R04C02	1.2567286491394043	0.0
6229009060_R05C02	0.48462915420532227	0.0
6285633072_R05C01	2.9335365295410156	1.3536648750305176
6057833057_R06C02	4.475257396697998	0.0
6057833159_R03C01	2.9714303016662598	0.0
6285633072_R03C02	3.83249568939209	0.0
6042316141_R03C01	3.4836602210998535	0.0
6026818122_R04C01	2.8968429565429688	0.0
6042324048_R06C01	2.305172920227051	0.0
6005486013_R03C01	4.158540725708008	0.0
6005486017_R04C02	2.899381637573242	0.0
6005486019_R05C01	0.14394283294677734	0.0
6057833159_R04C01	1.6690402030944824	0.0
6042316141_R06C01	1.4954943656921387	2.712279796600342
6229009060_R02C02	2.189486026763916	0.0
6026818139_R02C01	1.7732114791870117	1.8464598655700684
6042324048_R02C02	3.9979209899902344	0.0
6026818135_R01C02	2.431826114654541	0.0
6057833166_R05C01	0.0	0.11763286590576172
6005486014_R05C01	3.486250877380371	1.1563332080841064
6005486017_R03C02	3.8675684928894043	0.0
6042324011_R02C01	2.2872633934020996	0.0
6004791004_R04C01	0.9753398895263672	0.0
6026818122_R02C02	1.5133318901062012	0.0
6042324037_R01C02	2.5827040672302246	2.307645797729492
6026818055_R01C02	1.9336633682250977	0.0
6929718043_R01C02	0.0	0.009658575057983398
6229009059_R01C02	3.512828826904297	0.9917926788330078
6229009059_R03C02	3.697368621826172	0.0
6026818108_R03C01	2.8997669219970703	0.0
6005486005_R05C01	3.4468469619750977	0.0
6042324005_R01C01	2.943265438079834	0.0
6005486014_R03C02	4.614888668060303	0.0
6057833155_R03C02	0.12570905685424805	0.0
6005486021_R02C02	0.8290939331054688	0.0
6026818145_R05C02	2.0105342864990234	1.953986644744873
6005486023_R02C02	4.4662652015686035	0.0
6042324035_R04C02	2.901853084564209	0.0
6057833134_R05C02	3.4283080101013184	1.4596519470214844
6005486018_R05C01	1.3349590301513672	0.0
6026818102_R02C02	2.785885810852051	0.0
6005486029_R05C01	2.7588376998901367	0.0
6026818144_R02C01	2.181807518005371	2.5164036750793457
6026818128_R01C02	2.344545364379883	0.0
6005486029_R04C02	2.8391809463500977	0.0
6057833142_R03C01	1.987381935119629	0.8540298938751221
6005486025_R05C02	4.351950168609619	0.0
6057833057_R01C02	2.9007630348205566	0.0
6042324037_R04C02	1.9777841567993164	1.567690372467041
6004791010_R06C02	0.0	0.0
6026818122_R06C01	2.6170477867126465	0.0
6042324005_R04C01	0.4326348304748535	0.0
6005486012_R04C01	3.097447395324707	0.2597503662109375
6026818139_R04C02	1.7224931716918945	0.0
6004791020_R04C01	4.313307285308838	0.0
6026818135_R02C02	3.746837615966797	0.0
6057833101_R03C01	3.5501294136047363	0.0
6026818070_R02C01	3.7286810874938965	0.0
6005486019_R01C01	1.5007433891296387	0.0
6057833159_R06C02	2.5931453704833984	2.254709243774414
6929718036_R04C02	2.331900119781494	1.5817880630493164
6229009059_R02C02	3.9173388481140137	0.0
6004791004_R03C01	2.469302177429199	0.0
6026818132_R01C01	2.083313465118408	0.8856921195983887
6005486017_R05C01	1.0033564567565918	0.0
6005486014_R04C01	1.6574664115905762	1.3335223197937012
6285633072_R03C01	2.47377347946167	0.0
6042316141_R05C02	4.277662754058838	0.2606985569000244
6026818144_R04C02	0.9951887130737305	0.0
6005486021_R04C02	2.6679863929748535	0.0
6005486025_R04C02	3.6079678535461426	0.94571852684021
6929718030_R03C02	0.3101174831390381	1.7322254180908203
7786923102_R06C02	2.1972150802612305	1.4101929664611816
7786923105_R01C01	3.2817254066467285	0.0
6026818135_R06C01	0.4301004409790039	0.0
6057833166_R02C01	1.9924769401550293	0.0
6026818129_R02C01	1.5148043632507324	0.0
6057833159_R01C02	2.061337947845459	0.0
6285633072_R06C01	3.63093900680542	1.2504534721374512
6057833101_R05C02	3.3947067260742188	0.0
6026818102_R06C01	1.4434700012207031	0.0
6005486021_R03C02	0.0	0.0
6057833057_R06C01	3.912384510040283	0.0
6005486005_R02C02	3.164623737335205	0.5847377777099609
6004791006_R04C02	3.0286989212036133	0.0
6042324037_R05C02	4.113033771514893	0.0
6005486018_R02C01	2.935372829437256	1.655667781829834
6042324048_R01C01	3.6154990196228027	0.0
6004791010_R03C01	2.1847100257873535	0.0
6042324072_R04C01	2.608241558074951	0.0
6229009066_R02C01	1.5466923713684082	1.1694941520690918
6005486023_R01C01	3.154371738433838	0.0
6004791020_R04C02	0.0	0.0
6042324072_R05C01	2.9667906761169434	1.5580534934997559
6005486029_R02C01	2.1168570518493652	0.0
6042324030_R02C02	3.3282456398010254	0.0
6005486029_R03C01	3.4242019653320312	0.0
6005486018_R05C02	2.2000575065612793	0.0
6005486021_R05C01	0.0	0.0
6042316141_R02C02	1.8343138694763184	0.0
6005486018_R03C02	2.704226493835449	0.0
6042316157_R03C02	0.0	0.41310715675354004
6005486005_R02C01	1.4414386749267578	0.1946849822998047
6005486018_R04C01	3.3999481201171875	0.0
6042316100_R01C02	2.961949348449707	0.0
6005486019_R06C02	2.088517189025879	0.0
6042324072_R06C02	3.7403016090393066	0.0
6026818132_R04C02	1.6776647567749023	0.0
6042324037_R04C01	2.4143729209899902	0.0
6005486005_R01C01	2.3336915969848633	1.1445748805999756
6229009066_R05C01	2.0960779190063477	1.6811470985412598
6042324072_R01C01	2.5228047370910645	0.9231634140014648
6042316141_R05C01	2.47255277633667	0.0
6004791004_R03C02	3.2670183181762695	0.0
6004791006_R03C02	2.965968132019043	0.6948018074035645
6057833142_R04C02	4.011014938354492	0.0
6057833155_R01C01	3.9357471466064453	0.0
6042316141_R01C01	1.6519489288330078	0.0
6004791004_R02C02	3.0243606567382812	1.3779101371765137
6057833155_R02C01	2.812620162963867	1.1055290699005127
6057833155_R05C02	4.052626609802246	0.0
6042324006_R03C02	3.511425018310547	0.0
6285633072_R05C02	3.7241902351379395	0.8916530609130859
6004791004_R02C01	1.7351889610290527	0.0
6005486014_R01C02	3.3975019454956055	0.0
6229009059_R04C02	0.7200713157653809	0.0
6004791020_R03C02	3.8399739265441895	0.0
6057833057_R04C01	3.6084094047546387	0.5992147922515869
7786923105_R01C02	1.53163480758667	1.5479416847229004
6004791010_R04C02	2.0772061347961426	0.0
6057833057_R01C01	3.158954620361328	0.0
6026818144_R03C02	2.5359654426574707	0.9243214130401611
6026818139_R05C02	2.777172565460205	0.0
6005486023_R02C01	2.545259475708008	0.0
6026818139_R06C01	3.061001777648926	0.0
6057833057_R02C02	2.970123291015625	1.12941312789917
6004791006_R04C01	3.3782129287719727	1.0774552822113037
6042316141_R06C02	2.848001480102539	0.0
6285633072_R02C02	2.0044188499450684	2.070695400238037
6057833141_R05C01	2.4068984985351562	1.1069111824035645
6229009066_R06C01	1.683117389678955	0.0
6005486023_R01C02	2.704618453979492	1.0237104892730713
7786923105_R02C01	0.21093535423278809	0.0
6026818135_R03C01	2.344973087310791	0.0
6229009066_R01C02	1.0347843170166016	0.15656137466430664
6005486021_R06C02	1.3407506942749023	0.0
6042316157_R01C02	2.9832262992858887	0.0
6057833166_R06C01	0.5400905609130859	0.6461260318756104
6005486023_R05C01	3.437248706817627	0.0
6026818145_R04C01	3.029447555541992	2.0385513305664062
6004791006_R05C01	4.6382155418396	0.0
6005486013_R05C01	3.8491644859313965	0.0
6005486018_R06C01	2.590165615081787	0.0
6026818139_R02C02	2.806093215942383	1.5830316543579102
6057833155_R05C01	2.849912166595459	0.0
6005486019_R05C02	0.9793424606323242	0.0
6057833142_R01C02	0.0	0.10907816886901855
6026818145_R06C02	2.105545997619629	0.0
6026818132_R03C01	2.944338798522949	0.0
6929718043_R03C01	0.0	2.6283082962036133
6042316157_R03C01	0.6747064590454102	3.05165958404541
6042324030_R06C02	1.9112610816955566	1.3564796447753906
6005486005_R04C02	0.4808988571166992	0.0
6026818145_R01C01	1.8356056213378906	0.0
6057833134_R01C01	1.2895145416259766	0.9493846893310547
6005486014_R06C01	1.0335679054260254	0.0
6285633072_R02C01	1.0834603309631348	0.0
6042316072_R05C02	2.101532459259033	1.2375259399414062
6026818108_R04C02	3.058718681335449	0.0
6042324006_R02C02	0.0	1.9930038452148438
6042324005_R06C01	2.910071849822998	0.23489069938659668
6042324030_R03C01	3.6030240058898926	0.0
6057833141_R05C02	3.6219797134399414	0.0
6057833057_R03C01	0.11687707901000977	0.0
6057833134_R02C02	4.088308811187744	0.0
6026818102_R05C02	1.2533535957336426	0.0
6042324048_R04C01	0.0	0.7262585163116455
6042316130_R03C01	2.9049019813537598	0.0
6026818129_R03C01	1.0574421882629395	0.0
6026818055_R06C01	0.36704516410827637	0.0
6042324071_R01C02	1.393420696258545	0.0
6057833142_R04C01	0.6564459800720215	0.0
6057833141_R01C02	0.6224732398986816	0.0
6005486029_R02C02	4.194867134094238	0.0
6042324037_R06C02	0.0	0.0
6004791004_R01C02	1.431283950805664	0.0
6026818129_R01C02	2.6993985176086426	0.0
6005486023_R06C01	0.2945983409881592	2.41990327835083
6229009060_R04C02	3.4351720809936523	0.0
6026818102_R06C02	1.1498641967773438	0.0
6005486017_R02C02	0.0	0.0
6042316072_R04C01	2.532805919647217	0.0
6042324035_R03C02	0.0	2.779099464416504
6004791006_R06C01	0.6803221702575684	0.0
6026818129_R02C02	1.8614435195922852	0.0
6042324011_R01C01	2.4022440910339355	1.6814608573913574
6042324071_R06C01	0.0	0.0
6042324006_R02C01	1.3507037162780762	2.2225208282470703
6026818144_R02C02	3.8093504905700684	0.0
6026818139_R06C02	0.0	0.0
6285633072_R04C02	3.564077854156494	0.0
6057833134_R06C01	0.38723325729370117	0.0
6026818108_R06C02	3.571378707885742	0.0
6057833101_R05C01	3.2119078636169434	0.0
6026818111_R01C02	0.5973458290100098	0.0
6057833101_R03C02	2.5069899559020996	0.0
6026818102_R02C01	1.06712007522583	0.0
6042316141_R04C02	0.9575142860412598	0.0
6057833159_R02C02	4.4244818687438965	0.0
6026818144_R01C01	1.2995905876159668	0.0
6042316130_R05C02	2.7199459075927734	0.0
6057833142_R01C01	0.0	0.0
6005486019_R03C01	1.042022705078125	0.0
7786923105_R04C02	1.845510482788086	0.0
6026818128_R02C01	1.5011882781982422	0.0
6004791004_R06C02	1.2086777687072754	0.0
6042324005_R02C01	3.515542507171631	0.0
6057833141_R01C01	0.0	0.0
6057833155_R04C01	4.3106818199157715	0.0
6026818055_R03C02	0.8577852249145508	0.44722676277160645
6026818122_R02C01	2.1504621505737305	0.1642627716064453
6005486012_R01C02	0.0	0.0
6042316141_R01C02	2.72971248626709	0.0
6042324037_R02C02	0.3026854991912842	1.7784647941589355
6229009060_R05C01	0.8648638725280762	0.15311527252197266
6042324006_R04C02	0.4888319969177246	0.0
6005486012_R02C02	2.647036552429199	0.0
6005486025_R01C02	0.0	0.0
7786923105_R05C02	0.02518296241760254	0.0
6005486005_R05C02	2.0287156105041504	0.0
6026818129_R05C02	1.5063285827636719	0.0
6042324005_R03C02	0.0	0.0
6929718014_R06C02	3.103127956390381	0.0
6929718030_R02C01	1.1016764640808105	0.0
6026818055_R04C01	2.179877758026123	0.0
6929718030_R05C01	2.881765365600586	0.0
6004791006_R03C01	0.4370121955871582	0.6455135345458984
6057833142_R05C02	1.2189054489135742	0.0
6229009060_R06C02	1.597433090209961	0.0
6026818055_R06C02	2.0948729515075684	1.3484768867492676
6042324030_R03C02	1.8250513076782227	0.0
6026818139_R03C01	1.0995593070983887	0.0
6057833141_R04C02	2.5282883644104004	0.0
6042324006_R06C01	1.8889293670654297	0.6061704158782959
6005486029_R06C02	0.0	0.0
6229009060_R02C01	2.5733585357666016	0.0
6004791010_R03C02	0.0	2.0656771659851074
6005486005_R06C01	0.0	0.576617956161499
7786923105_R05C01	0.7678670883178711	0.0
6005486025_R06C02	2.8897109031677246	0.0
6042324006_R01C02	0.5617265701293945	2.2166337966918945
6026818145_R04C02	0.43490123748779297	0.0
6042324030_R01C01	0.0	0.20918917655944824
6005486023_R03C02	0.0	0.0
6005486012_R02C01	0.0	0.0
6042316157_R05C02	0.0	0.0
6026818128_R02C02	0.8955559730529785	0.0
6026818132_R05C01	1.0660858154296875	0.0
6026818132_R03C02	2.5609002113342285	0.0
6026818108_R02C02	3.107666015625	0.0
6042324005_R06C02	0.8125905990600586	0.0
6042316072_R04C02	1.231694221496582	0.0
6042316072_R03C01	1.531332015991211	0.0
6042316130_R06C01	0.0	0.0
6042324071_R01C01	0.04525303840637207	0.0
6026818132_R02C02	0.0	0.0
6005486029_R01C02	0.0	0.0
6026818139_R03C02	0.7059974670410156	0.0
6026818128_R06C02	2.019552707672119	0.0
6229009066_R04C01	1.211132526397705	0.0
6229009060_R04C01	2.0653443336486816	1.623816967010498
6005486005_R01C02	1.9128260612487793	0.0
6057833101_R02C02	0.7402243614196777	0.0
6004791004_R01C01	1.5212693214416504	0.0
6004791010_R01C02	0.0	0.0
6005486029_R03C02	1.6112351417541504	0.0
6026818108_R01C02	0.5020051002502441	0.0
6929718030_R04C02	1.2129850387573242	2.035118579864502
6004791004_R05C01	0.03609943389892578	1.0133624076843262
6057833141_R03C01	0.0	2.609889507293701
6042324048_R02C01	2.723196506500244	1.0231208801269531
6057833134_R05C01	0.0	2.840610980987549
6229009066_R02C02	0.4845466613769531	1.9163475036621094
6005486019_R04C01	0.0	1.4742116928100586
6229009066_R05C02	0.0	1.3233628273010254
6042316072_R02C01	1.3876104354858398	2.0906028747558594
6929718036_R02C02	0.0	1.777496337890625
6026818145_R05C01	0.0	1.6849918365478516
6057833142_R06C01	0.0	0.539010763168335
6004791006_R02C02	1.632056713104248	2.32436466217041
6026818108_R04C01	0.9184532165527344	0.0
6229009059_R05C02	0.0	1.8044462203979492
6042316157_R05C01	0.0	0.0
6026818102_R03C01	2.34718656539917	1.1293835639953613
6026818145_R01C02	0.765350341796875	0.0
6026818102_R01C02	0.0	1.7085151672363281
6057833155_R02C02	1.0113544464111328	1.5575051307678223
6042316106_R01C01	3.825540542602539	0.3235471248626709
6042324037_R03C02	0.0	1.7922677993774414
6057833134_R01C02	2.830371856689453	1.3363471031188965
6005486019_R03C02	0.0	1.2914776802062988
6057833141_R06C02	0.11880898475646973	1.8789806365966797
6026818132_R04C01	0.0	0.0
6042316072_R05C01	2.170161247253418	0.4346780776977539
6005486014_R06C02	1.1399073600769043	1.4267148971557617
6004791020_R01C02	0.0	2.890993118286133
7786923105_R03C02	2.493420124053955	1.8950486183166504
6026818128_R04C01	0.0	2.9043545722961426
6005486005_R06C02	0.0	2.877267360687256
6026818122_R04C02	0.0	3.2551612854003906
6057833134_R02C01	0.0	3.406057834625244
6042324037_R06C01	0.0	3.0917067527770996
6042324070_R04C02	0.0	3.8786120414733887
6929718043_R05C01	0.0	3.2582831382751465
6042316157_R01C01	0.0	2.712787628173828
6004791006_R01C01	0.12913775444030762	3.771578311920166
6229009060_R03C01	0.0	2.926607131958008
6004791010_R02C01	0.5240302085876465	3.011474609375
6057833142_R06C02	0.0	1.9349932670593262
6005486018_R02C02	0.0	3.3437185287475586
6004791004_R05C02	0.0	2.5680975914001465
6229009066_R03C01	0.0	2.9282121658325195
6004791020_R02C01	0.0	2.9050040245056152
6057833155_R04C02	0.0	1.1162681579589844
6042324072_R01C02	0.0	2.4560370445251465
6042324006_R05C01	0.0	2.828535556793213
6026818055_R05C02	0.0	3.234467029571533
6042324035_R02C01	0.0	3.2942585945129395
6026818055_R05C01	0.0	2.037446975708008
6042316130_R01C01	0.0	1.1156628131866455
6057833142_R02C02	0.0	3.317533493041992
6026818145_R06C01	0.0	2.832183361053467
6929718014_R05C02	0.0	2.7653470039367676
6005486018_R01C02	0.05070853233337402	3.6677255630493164
6005486029_R01C01	0.0	3.481651782989502
6057833155_R01C02	0.0	2.2853074073791504
6026818111_R06C02	0.0	2.133610725402832
6004791020_R06C01	0.0	3.618075370788574
6005486017_R06C01	0.0	3.7967982292175293
6004791006_R01C02	0.0	3.8809890747070312
6057833141_R02C01	0.3190622329711914	2.7789673805236816
6057833142_R02C01	0.0	3.9641432762145996
6005486005_R03C01	0.0	3.1431784629821777
6042316072_R03C02	0.0	1.987771987915039
6026818145_R03C02	0.0	3.3884806632995605
6229009066_R01C01	0.0	2.829599380493164
7786923105_R02C02	0.0	1.7431254386901855
6042324071_R06C02	0.0	3.653838634490967
6026818145_R02C02	0.0	0.7743403911590576
6042316072_R06C01	0.0	2.007749557495117
6026818111_R03C02	0.0	3.286773204803467
6042324037_R03C01	0.0	3.036691665649414
6026818108_R06C01	0.0	2.7905478477478027
6057833057_R02C01	2.442126750946045	1.591970443725586
6005486017_R03C01	0.0	1.4148917198181152
6057833141_R04C01	0.0	2.8735833168029785
6004791010_R02C02	0.0	2.797264575958252
6929718036_R05C02	0.0	2.7163987159729004
6005486012_R04C02	0.0	3.3675379753112793
6042324071_R03C01	0.15487360954284668	3.5881166458129883
6005486018_R03C01	0.0	2.1573476791381836
6057833155_R06C01	0.0	3.061264991760254
6057833142_R03C02	0.0	3.0919456481933594
6005486021_R03C01	0.0	3.0941615104675293
6042316130_R03C02	0.0	3.922196865081787
6042324005_R05C01	0.0	2.8724441528320312
7786923105_R03C01	0.0	2.4885478019714355
6026818129_R04C02	0.0	2.702967643737793
6004791020_R05C02	0.0	2.3079166412353516
6042324035_R05C01	0.0	1.2623291015625
6042324037_R02C01	0.0	3.2283639907836914
6004791020_R02C02	0.0	3.2769951820373535
6026818108_R05C02	0.0	1.6481027603149414
6005486018_R01C01	0.0	2.848520278930664
6026818111_R04C01	0.0	2.8893518447875977
6026818108_R02C01	0.0	2.0890369415283203
6929718043_R04C02	0.0	1.6911511421203613
6004791010_R04C01	0.0	4.5127482414245605
6005486029_R06C01	0.0	1.4253778457641602
6042324071_R02C01	0.0	3.199047565460205
6057833159_R02C01	0.0	2.7204151153564453
6005486014_R02C01	0.0	1.6310648918151855
6026818055_R03C01	0.0	3.2668299674987793
6026818111_R02C01	0.0	0.9607923030853271
7786923105_R04C01	0.0	1.243504524230957
6005486018_R06C02	0.26134467124938965	2.605191230773926
6005486019_R06C01	0.0	2.593320369720459
6026818111_R05C01	0.0	3.463263988494873
6057833101_R01C02	0.0	1.813760757446289
6005486029_R05C02	0.0	3.1912312507629395
6004791004_R04C02	0.0	2.126610279083252
6005486023_R03C01	0.0	2.4441933631896973
6929718030_R01C02	0.0	1.4839529991149902
6005486017_R01C02	1.3893465995788574	3.2840733528137207
6026818055_R01C01	0.9554314613342285	2.9955296516418457
6057833057_R05C01	0.9230890274047852	2.9016966819763184
6042324035_R06C02	0.4377017021179199	3.7384204864501953
6042316130_R05C01	0.0	2.501347064971924
6026818102_R04C02	0.0	3.8342556953430176
6229009059_R06C01	2.696341037750244	1.156128168106079
6005486005_R03C02	2.0828495025634766	1.8642477989196777
6042324005_R01C02	0.0	1.614701747894287
6026818139_R05C01	2.103055953979492	2.763245105743408
6026818111_R03C01	2.318807601928711	1.9399704933166504
6929718036_R06C02	2.363832473754883	2.2887611389160156
6929718043_R05C02	0.6953797340393066	3.0622496604919434
6026818144_R03C01	3.300962448120117	2.4162025451660156
6005486012_R05C01	1.247800350189209	3.453087329864502
6929718014_R04C02	2.3748559951782227	2.7905712127685547
9305216132_R01C02	0.0	0.0
6285633051_R05C02	1.4160699844360352	1.7830228805541992
9993943005_R03C02	0.6330928802490234	1.3880863189697266
7796806103_R04C01	2.5086326599121094	0.0
7796806103_R03C01	3.889408588409424	0.0
7796806103_R02C02	1.5708184242248535	0.0
9422491072_R04C01	3.4835777282714844	0.0
9422491072_R05C02	4.288394451141357	0.0
9422492113_R01C01	0.0	0.0
9993943005_R01C02	2.2324867248535156	0.0
8784241071_R04C01	0.0	2.6566162109375
9993943017_R05C02	0.9070196151733398	0.0
9305216147_R01C01	1.0775513648986816	0.0
9422491072_R05C01	1.9982233047485352	1.8786511421203613
9422492089_R05C02	0.692875862121582	0.0
7796806090_R01C01	0.0	2.8144521713256836
9422492089_R04C02	0.0	3.032369613647461
7796806109_R03C01	3.995330810546875	0.0
7796806088_R02C02	0.0	4.151813983917236
5808922058_R06C02	0.6820225715637207	0.0
5808922058_R03C02	1.9636421203613281	1.3299331665039062
5808922058_R05C01	4.176403999328613	0.8442354202270508
5808922058_R04C01	3.6730337142944336	0.8477270603179932
5808922058_R02C01	1.665761947631836	2.254814624786377
5808922026_R05C02	0.0	2.345931053161621
5808922026_R04C02	1.0416646003723145	0.5311105251312256
5808922026_R03C02	1.1375117301940918	4.0345988273620605
5808922026_R02C02	0.0	3.0929274559020996
5808922026_R01C02	2.0401663780212402	3.0430550575256348
5808922026_R06C01	0.0	2.3785300254821777
5808922026_R05C01	0.0	4.127564430236816
5808922026_R04C01	2.92128849029541	2.4233736991882324
5808922026_R01C01	0.5100817680358887	1.0399610996246338
5806636007_R01C02	1.0143122673034668	0.0
5806636007_R01C01	0.0	1.2728214263916016
5808922090_R06C02	0.0	2.892549991607666
5808922090_R04C02	0.18760251998901367	1.6833715438842773
5808922090_R01C02	1.5511646270751953	3.816678047180176
5808922090_R06C01	1.229567527770996	2.3102827072143555
5808922090_R05C01	2.084655284881592	2.635282516479492
5808922090_R04C01	0.0	4.35347843170166
5808922090_R03C01	3.1179628372192383	0.0
5808922090_R01C01	4.514660358428955	1.239938735961914
5808922085_R06C02	0.0	0.0
5808922085_R01C02	0.0	3.1706690788269043
5808922085_R06C01	2.770484447479248	0.017663240432739258
5808922085_R01C01	3.883512020111084	2.074860095977783
5808922075_R03C02	0.0	4.340184688568115
5808922075_R02C02	0.02688884735107422	1.1482291221618652
5808922075_R06C01	3.2393627166748047	2.2218284606933594
5808922075_R04C01	4.033381462097168	1.6615710258483887
5808922075_R03C01	0.0	3.981116771697998
5808922075_R02C01	0.0	4.816042423248291
5808922051_R06C02	1.2798991203308105	0.0
5808922051_R04C02	3.4628701210021973	1.400829792022705
5808922051_R02C02	0.5581269264221191	3.790104866027832
5808922051_R01C02	1.719764232635498	3.6558313369750977
5808922051_R05C01	0.0	3.414565086364746
5808922051_R04C01	2.065800189971924	1.9674811363220215
5808922051_R03C01	1.4982261657714844	0.6378118991851807
5808922051_R02C01	0.0	3.196390151977539
5808922051_R01C01	3.6912388801574707	1.0985162258148193
6026818133_R05C02	1.0172696113586426	2.1280641555786133
6026818133_R04C02	4.528308391571045	0.8572120666503906
6026818133_R03C02	3.060000419616699	0.40871214866638184
6026818133_R02C02	3.850977897644043	0.0
6026818133_R01C02	0.0	3.760211944580078
6026818133_R06C01	3.4456958770751953	2.0208563804626465
6026818133_R05C01	2.806978225708008	1.1534621715545654
6026818133_R04C01	2.620570182800293	2.6488776206970215
6026818133_R01C01	0.0	4.403563499450684
6026818085_R05C02	2.160892963409424	0.0
6026818085_R04C02	1.5903005599975586	2.2753453254699707
6026818085_R03C02	0.0	0.0
6026818085_R02C02	3.175764560699463	1.6003379821777344
6026818085_R05C01	0.0	3.746246814727783
6026818085_R04C01	0.0	3.8543920516967773
6026818085_R03C01	3.1437673568725586	1.4068975448608398
6026818085_R02C01	2.880997657775879	0.5029237270355225
6026818085_R01C01	2.5905957221984863	0.0
6026818072_R06C02	5.762157917022705	0.0
6026818072_R05C02	1.3310294151306152	1.4993410110473633
6026818072_R04C02	0.0	3.5579357147216797
6026818072_R02C02	0.0	1.9806575775146484
6026818072_R01C02	1.680368423461914	3.342179298400879
6026818072_R05C01	0.0	2.0687685012817383
6026818072_R04C01	0.0	3.2116594314575195
6026818072_R02C01	0.0	4.148696422576904
6026818123_R01C02	0.5215167999267578	3.2458624839782715
6026818123_R04C01	0.0	0.0
6026818123_R03C01	0.0	3.3342857360839844
6026818143_R01C02	2.11653470993042	2.384441375732422
6026818143_R06C01	2.2918920516967773	3.45658540725708
6026818143_R05C01	1.5637154579162598	1.7455554008483887
6026818143_R03C01	1.9494452476501465	0.0
6026818143_R02C01	1.389040470123291	2.736057758331299
6026818143_R01C01	2.566164016723633	1.190948724746704
6026818127_R06C02	1.2791132926940918	0.0
6026818127_R05C02	1.8986620903015137	1.78413724899292
6026818127_R03C02	0.0	3.4304542541503906
6026818127_R06C01	0.0	4.241574287414551
6026818127_R04C01	0.0	0.0
6026818127_R03C01	0.1282961368560791	0.3667733669281006
6026818127_R01C01	0.0	0.0
6026818116_R05C02	3.979086399078369	0.7619481086730957
6026818116_R04C02	0.0	4.223052978515625
6026818116_R03C02	3.849562644958496	1.0657463073730469
6026818116_R04C01	0.0	3.102865219116211
6026818116_R03C01	3.5193681716918945	1.9149255752563477
6026818116_R01C01	4.259212970733643	0.1577303409576416
6026818119_R05C02	1.3869433403015137	3.7552757263183594
6026818119_R04C02	0.0	4.242412090301514
6026818119_R02C02	0.0	0.7982966899871826
6026818119_R05C01	0.6360735893249512	3.169182777404785
6026818119_R04C01	3.5369033813476562	0.9275403022766113
6026818119_R02C01	0.050304412841796875	0.0
6006307031_R02C02	3.374485969543457	0.0
6006307031_R05C01	0.3814389705657959	3.822932720184326
6006307031_R04C01	3.7740225791931152	2.058682441711426
6006307031_R03C01	3.727346420288086	1.057368516921997
6006307031_R02C01	3.048844337463379	2.2797021865844727
6006307031_R01C01	0.0	0.0
6006307001_R05C02	3.9858384132385254	1.2537856101989746
6006307001_R04C02	0.0	0.0
6006307001_R03C02	3.773512363433838	0.0
6006307001_R02C02	1.5498452186584473	2.445128917694092
6006307001_R06C01	1.0653738975524902	1.9346060752868652
6006307001_R05C01	2.3040599822998047	1.8677616119384766
6006307001_R03C01	0.0	1.7237329483032227
6006307001_R02C01	3.390321731567383	0.0
6006307001_R01C01	3.8248143196105957	1.1407115459442139
6006307002_R04C02	1.8884201049804688	0.0
6006307002_R06C01	2.4329562187194824	3.2668142318725586
6006307023_R06C02	3.254720687866211	0.0
6006307023_R04C02	1.2892775535583496	2.570298671722412
6006307023_R03C02	3.8125720024108887	0.6485376358032227
6006307023_R02C02	0.25035619735717773	4.270064353942871
6006307023_R05C01	1.6058259010314941	3.924801826477051
6006307023_R03C01	0.034569740295410156	3.278125762939453
6006307023_R02C01	3.73954439163208	0.0
6006307005_R05C02	0.8165788650512695	4.537431716918945
6006307005_R02C02	3.1703648567199707	0.7785043716430664
6006307005_R05C01	2.594754695892334	2.2169880867004395
6006307005_R04C01	0.0	2.1110153198242188
6006307010_R04C02	1.7486534118652344	3.1709647178649902
6006307010_R03C02	4.235731601715088	1.4956140518188477
6006307010_R05C01	0.0	3.7675704956054688
6006307010_R04C01	0.0	3.208972454071045
6006307010_R01C01	4.138514995574951	1.3009867668151855
6006307004_R04C02	0.0	4.377734184265137
6006307004_R06C01	0.0	2.3729095458984375
6006307004_R04C01	2.3281912803649902	2.8328256607055664
6006307004_R02C01	1.585599422454834	4.068215370178223
6006307029_R06C02	2.4178671836853027	2.978651523590088
6006307029_R05C02	1.2626900672912598	0.0
6006307029_R01C02	4.422471523284912	0.9900751113891602
6006307029_R06C01	1.6655516624450684	2.5929436683654785
6006307029_R05C01	0.6517748832702637	3.493885040283203
6006307029_R02C01	0.0	3.707681179046631
GSM2229021	3.054975986480713	0.0
GSM2229022	2.872267246246338	0.302182674407959
GSM2229023	1.767606258392334	1.6903481483459473
GSM2229024	3.4919352531433105	0.0
GSM2229025	0.18092823028564453	3.7849960327148438
GSM2229026	3.9668736457824707	0.0
GSM2229027	0.0	3.538255214691162
GSM2229028	3.9785571098327637	0.0
GSM2229029	2.0159177780151367	2.6232895851135254
GSM2229030	3.6192846298217773	0.0
GSM2229031	4.264895439147949	0.3419971466064453
GSM2229032	0.8245859146118164	3.441802978515625
GSM2229033	2.1651344299316406	0.0
GSM2229034	2.0041093826293945	0.0
GSM2229035	0.0	3.6664209365844727
GSM2229036	0.0	0.0
GSM2229037	2.60512638092041	1.6797547340393066
GSM2229038	4.190713882446289	0.0
GSM2229039	2.2440624237060547	0.0
GSM2229040	4.14244270324707	0.0
GSM2229041	1.598994255065918	1.9542508125305176
GSM2229042	0.9525027275085449	0.9667999744415283
GSM2229043	1.1412129402160645	0.0
GSM2229044	0.0	2.9057512283325195
GSM2229045	0.06426811218261719	0.0
GSM2229046	4.439197063446045	0.0
GSM2229047	0.0	3.2106308937072754
GSM2229048	4.266256332397461	0.0
GSM2229049	1.914442539215088	1.94415283203125
GSM2229050	3.3111019134521484	0.0
GSM2229051	1.6478776931762695	0.0
GSM2229052	1.3415780067443848	0.0
GSM2229053	3.5305800437927246	1.121886968612671
GSM2229054	0.6588988304138184	2.752298355102539
GSM2229055	0.0	2.814680576324463
GSM2229056	2.705911159515381	0.0
GSM2229057	0.0	1.885159969329834
GSM2229058	4.292342185974121	0.24741005897521973
GSM2229059	0.0	2.5219225883483887
GSM2229060	0.7967181205749512	0.5206470489501953
GSM2229061	0.0	3.408527374267578
GSM2229062	0.0	2.7169570922851562
GSM2229063	3.0949172973632812	1.6848273277282715
GSM2229064	2.914369583129883	0.0
GSM2229065	0.0	3.633403778076172
GSM2229066	0.9586653709411621	0.0
GSM2229067	1.327685832977295	1.5207853317260742
GSM2229068	4.321155071258545	0.0
GSM2229069	4.003976821899414	0.0
GSM2229070	2.037342071533203	2.436415672302246
GSM2229071	4.366447448730469	0.0
GSM2229072	3.0091028213500977	0.0
GSM2229073	0.0	0.6034460067749023
GSM2229074	3.332364559173584	0.0
GSM2229075	2.945754051208496	0.33066701889038086
GSM2229076	2.9832024574279785	1.454084873199463
GSM2229077	3.068136215209961	0.0
GSM2229078	3.041433811187744	0.0
GSM2229079	1.2083048820495605	1.2044596672058105
GSM2229080	1.3846893310546875	1.8982996940612793
GSM2229081	2.9661707878112793	0.03261995315551758
GSM2229082	2.2014284133911133	1.9651589393615723
GSM2229083	3.5397109985351562	0.848214864730835
GSM2229084	0.3447113037109375	0.0
GSM2229085	2.6503162384033203	1.0768568515777588
GSM2229086	3.042926788330078	0.8288605213165283
GSM2229087	0.07883739471435547	0.9157252311706543
GSM2229088	0.0	3.170287609100342
GSM2229089	3.089461326599121	0.0
GSM2229090	0.0	3.0041050910949707
GSM2229091	3.0201311111450195	0.0
GSM2229092	3.232028007507324	0.0
GSM2229093	2.979149341583252	1.3566741943359375
GSM2229094	3.967130184173584	0.0
GSM2229095	2.5275330543518066	1.395124912261963
GSM2229096	2.8062267303466797	0.0
GSM2229097	3.2552781105041504	0.0
GSM2229098	1.8382182121276855	2.4610447883605957
GSM2229099	2.9491796493530273	0.0
GSM2229100	1.5305023193359375	0.0
GSM2229101	4.036719799041748	0.0
GSM2229102	2.8789501190185547	0.0
GSM2229103	2.001979351043701	2.566171169281006
GSM2229104	2.282343864440918	0.0
GSM2229105	0.853391170501709	0.0
GSM2229106	0.0694434642791748	2.804029941558838
GSM2229107	1.726729393005371	1.9953804016113281
GSM2229108	2.0523271560668945	1.8427352905273438
GSM2229109	3.468478202819824	0.0
GSM2229110	3.783644199371338	0.0
GSM2229111	2.992987632751465	1.290191650390625
GSM2229112	1.5333456993103027	0.0
GSM2229113	3.1296305656433105	0.0
GSM2229114	2.4928393363952637	0.0
GSM2229115	3.679840564727783	0.0
GSM2229116	0.0	0.0
GSM2229117	3.000934600830078	1.3703155517578125
GSM2229118	3.5490283966064453	0.0
GSM2229119	1.3580260276794434	2.4806957244873047
GSM2229120	1.0713510513305664	2.111945152282715
GSM2229121	3.693842887878418	0.7101597785949707
GSM2229122	2.8899006843566895	0.0
GSM2229123	0.8032822608947754	0.0
GSM2229124	1.6619315147399902	2.540618896484375
GSM2229125	0.08856463432312012	2.841952323913574
GSM2229126	0.0	3.1292896270751953
GSM2229127	4.354013442993164	0.0
GSM2229128	2.5665464401245117	1.7390413284301758
GSM2229129	3.277635097503662	0.0
GSM2229130	3.4105758666992188	0.7606456279754639
GSM2229131	1.8794059753417969	0.0
GSM2229132	3.129901885986328	0.0
GSM2229133	3.7390356063842773	0.0
GSM2229134	3.5731077194213867	1.1396028995513916
GSM2229135	1.8742351531982422	2.0845165252685547
GSM2229136	3.1030116081237793	0.0
GSM2229137	2.345003128051758	0.05287742614746094
GSM2229138	3.2924304008483887	0.0
GSM2229139	2.2247424125671387	1.5306129455566406
GSM2229140	2.7157373428344727	0.0
GSM2229141	4.209640979766846	0.4813971519470215
GSM2229142	2.407534122467041	2.2935099601745605
GSM2229143	4.399169921875	0.0
GSM2229144	1.3059654235839844	1.9205713272094727
GSM2229145	2.377518653869629	1.4182357788085938
GSM2229146	2.063174247741699	2.60109281539917
GSM2229147	2.8868651390075684	1.0458199977874756
GSM2229148	3.53560209274292	0.0
GSM2229149	3.81650972366333	0.0
GSM2229150	2.6248130798339844	0.9011678695678711
GSM2229151	1.580777645111084	2.874119758605957
GSM2229152	0.16154050827026367	2.983029842376709
GSM2229153	2.289945125579834	0.0
GSM2229154	3.297060012817383	0.0
GSM2229155	3.3048148155212402	0.9696485996246338
GSM2229156	3.4649415016174316	0.0
GSM2229157	3.5357260704040527	0.0
GSM2229158	2.7735419273376465	0.47051477432250977
GSM2229159	3.078263759613037	0.0
GSM2229160	0.0	3.3812203407287598
GSM2229161	3.876523017883301	0.0
GSM2229162	3.7763705253601074	0.914478063583374
GSM2229163	3.3501248359680176	0.0
GSM2229164	2.07718563079834	2.4470033645629883
GSM2229165	1.24409818649292	0.0
GSM2229166	1.6833453178405762	0.0
GSM2229167	3.504234790802002	0.41603541374206543
GSM2229168	4.008122444152832	0.0
GSM2229169	3.842568874359131	1.2961335182189941
GSM2229170	0.0	3.7625341415405273
GSM2229171	0.0	3.3218469619750977
GSM2229172	2.7278389930725098	1.5218291282653809
GSM2229173	3.2003140449523926	0.0
GSM2229174	0.0	3.280611991882324
GSM2229175	0.0	3.3515663146972656
GSM2229176	0.053661346435546875	3.4345364570617676
GSM2229177	3.4674129486083984	0.0
GSM2229178	3.025538444519043	1.133072853088379
GSM2229179	3.5680665969848633	0.0
GSM2229180	3.9195213317871094	0.0
GSM2229181	1.9298224449157715	0.0
GSM2229182	5.073188304901123	0.0
GSM2229183	2.2458410263061523	2.2627792358398438
GSM2229184	4.269794940948486	0.0
GSM2229185	2.902149200439453	1.7632908821105957
GSM2229186	3.263071060180664	0.0
GSM2229187	3.0102572441101074	1.777005672454834
GSM2229188	4.543344974517822	0.0
GSM2229189	3.8926610946655273	0.0
GSM2229190	1.3057126998901367	0.006922721862792969
GSM2229191	2.8792128562927246	1.5875415802001953
GSM2229192	4.146010398864746	0.0
GSM2229193	1.9923467636108398	0.6860241889953613
GSM2229194	0.30323243141174316	3.4366488456726074
GSM2229195	0.4349555969238281	3.2071704864501953
GSM2229196	4.360865592956543	0.0
GSM2229197	3.56137752532959	0.0
GSM2229198	0.21302270889282227	3.613462448120117
GSM2229199	3.7214765548706055	0.0
GSM2229200	3.6386685371398926	0.0
GSM2229201	3.336885452270508	0.0
GSM2229202	3.589203357696533	0.0
GSM2229203	0.8327107429504395	3.032400131225586
GSM2229204	3.262906551361084	0.0
GSM2229205	4.50968599319458	0.0
GSM2229206	3.4533658027648926	0.0
GSM2229207	0.0	2.732238292694092
GSM2229208	0.29030632972717285	0.0
GSM2229209	4.040863037109375	0.0
GSM2229210	3.4768614768981934	0.0
GSM2229211	2.811009407043457	0.0
GSM2229212	2.141842842102051	0.0
GSM2229213	3.2196335792541504	1.2646307945251465
GSM2229214	3.131315231323242	0.0
GSM2229215	0.8050274848937988	0.0
GSM2229216	0.24225497245788574	0.8890879154205322
GSM2229217	0.0	2.746914863586426
GSM2229218	2.9365997314453125	0.0
GSM2229219	0.0	0.0
GSM2229220	0.2591550350189209	0.1958630084991455
GSM2229221	3.4859137535095215	0.0
GSM2229222	2.198500156402588	0.0
GSM2229223	4.538719654083252	0.0
GSM2229224	3.302304744720459	0.0
GSM2229225	3.775911331176758	0.0
GSM2229226	3.111710548400879	0.293959379196167
GSM2229227	4.321774959564209	0.0
GSM2229228	0.8240690231323242	0.0
GSM2229229	1.5895400047302246	2.910404682159424
GSM2229230	3.0509581565856934	0.0
GSM2229231	3.331254482269287	0.0
GSM2229232	0.7021355628967285	2.3241100311279297
GSM2229233	2.055940628051758	2.1461310386657715
GSM2229234	1.2042479515075684	1.7773199081420898
GSM2229235	1.2004027366638184	0.0
GSM2229236	2.399746894836426	0.0
GSM2229237	3.785895347595215	0.0
GSM2229238	2.0961661338806152	0.0
GSM2229239	0.0	1.7390203475952148
GSM2229240	3.1682181358337402	1.0025379657745361
GSM2229241	2.6506996154785156	1.8581876754760742
GSM2229242	2.2774367332458496	0.0
GSM2229243	3.1445188522338867	1.4019966125488281
GSM2229244	0.0	1.8806419372558594
GSM2229245	4.733371257781982	0.0
GSM2229246	3.1352925300598145	1.116142749786377
GSM2229247	2.5634255409240723	0.0
GSM2229248	4.139323711395264	0.0
GSM2229249	3.9302539825439453	0.0
GSM2229250	0.0	0.6681814193725586
GSM2229251	0.6288471221923828	0.0
GSM2229252	3.353583812713623	0.0
GSM2229253	3.2769250869750977	0.0
GSM2229254	1.1726436614990234	2.903599262237549
GSM2229255	3.060878276824951	1.5916800498962402
GSM2229256	3.926260471343994	0.0
GSM2229257	0.1019129753112793	3.134917736053467
GSM2229258	0.0	0.0
GSM2229259	3.455425262451172	0.5859482288360596
GSM2229260	1.8624944686889648	1.6657323837280273
GSM2229261	1.753507137298584	2.3635406494140625
GSM2229262	3.231595516204834	1.0466766357421875
GSM2229263	3.8403916358947754	0.0
GSM2229264	2.9276299476623535	0.0
GSM2229265	3.722958564758301	0.0
GSM2229266	0.0	2.847769260406494
GSM2229267	0.0	2.645840644836426
GSM2229268	0.8450088500976562	0.16754674911499023
GSM2229269	3.110409736633301	1.7940468788146973
GSM2229270	3.597905158996582	0.0
GSM2229271	1.7823748588562012	1.0455715656280518
GSM2229272	0.8623781204223633	0.0
GSM2229273	3.761378288269043	0.0
GSM2229274	1.2350802421569824	2.7787933349609375
GSM2229275	2.7056431770324707	1.8979339599609375
GSM2229276	1.6127076148986816	2.029135227203369
GSM2229277	0.0	2.4405107498168945
GSM2229278	3.445301055908203	0.6644001007080078
GSM2229279	2.213230609893799	0.9465320110321045
GSM2229280	0.0	2.722043514251709
GSM2229281	1.6634039878845215	0.0
GSM2229282	3.7715559005737305	0.0
GSM2229283	3.0258989334106445	1.3432612419128418
GSM2229284	3.32877254486084	0.7653334140777588
GSM2229285	0.23828935623168945	3.0281996726989746
GSM2229286	2.9068851470947266	0.0
GSM2229287	3.9812369346618652	0.0
GSM2229288	0.0	2.033181667327881
GSM2229289	3.607100486755371	0.4090878963470459
GSM2229290	0.7234125137329102	0.0
GSM2229291	3.363921642303467	0.6147241592407227
GSM2229292	3.532534122467041	0.0
GSM2229293	0.16315388679504395	3.0514588356018066
GSM2229294	3.1358447074890137	1.0608484745025635
GSM2229295	1.276010513305664	0.0
GSM2229296	0.0	3.429327964782715
GSM2229297	4.191924095153809	0.0
GSM2229298	3.8931994438171387	1.1576833724975586
GSM2229299	4.189260005950928	0.0
GSM2229300	4.133261680603027	0.0
GSM2229301	3.466125965118408	0.8740143775939941
GSM2229302	0.016271114349365234	3.316521644592285
GSM2229303	0.6320624351501465	3.305741786956787
GSM2229304	2.1135306358337402	0.0
GSM2229305	1.9340934753417969	0.0
GSM2229306	2.6912598609924316	0.11739420890808105
GSM2229307	2.3932061195373535	0.0
GSM2229308	2.9145116806030273	0.0
GSM2229309	0.23463034629821777	0.0
GSM2229310	1.8732314109802246	2.5718207359313965
GSM2229311	2.1319351196289062	0.0
GSM2229312	3.423870086669922	0.0
GSM2229313	3.3348374366760254	0.0
GSM2229314	2.241790771484375	0.0
GSM2229315	4.067267417907715	0.0
GSM2229316	0.0	3.773947238922119
GSM2229317	1.1650900840759277	0.0
GSM2229318	0.0	3.1974101066589355
GSM2229319	2.746872901916504	1.6603889465332031
GSM2229320	3.719606399536133	0.0
GSM2229321	3.7205328941345215	0.0
GSM2229322	0.0	1.1583328247070312
GSM2229323	3.395002841949463	0.35114431381225586
GSM2229324	3.0718746185302734	0.0
GSM2229325	3.141441822052002	0.0
GSM2229326	0.0	2.249958038330078
GSM2229327	0.0	2.489943027496338
GSM2229328	3.276991844177246	1.0063657760620117
GSM2229329	0.0	3.6038503646850586
GSM2229330	4.255242347717285	0.0
GSM2229331	1.4848766326904297	0.0
GSM2229332	0.0	3.343527317047119
GSM2229333	4.031552791595459	0.0
GSM2229334	0.0	2.4575395584106445
GSM2229335	0.0	2.776294708251953
GSM2229336	0.0	2.796140193939209
GSM2229337	0.8595790863037109	0.0
GSM2229338	1.0475444793701172	3.184089183807373
GSM2229339	0.3198435306549072	2.038557529449463
GSM2229340	2.8972764015197754	0.0
GSM2229341	2.9705448150634766	1.4780926704406738
GSM2229342	2.401111125946045	2.405381679534912
GSM2229343	0.0	3.378598690032959
GSM2229344	3.704482078552246	0.8840243816375732
GSM2229345	3.8119349479675293	0.0
GSM2229346	3.077770233154297	0.0
GSM2229347	0.0809779167175293	0.0
GSM2229348	0.07492208480834961	3.4724040031433105
GSM2229349	2.400707244873047	0.0
GSM2229350	0.28458118438720703	3.195350170135498
